k,id_proceso,tipo_cna,institucion_cna,Acreditación Extendida,Total de Procesos,Gestión Institucional,Docencia de Pregrado,Investigación,Vinculación con el Medio,Docencia de Postgrado,Docencia y Resultados del Proceso de Formación,Gestión Estratégica y Recursos Institucionales,Aseguramiento Interno de la Calidad,"Investigación, Creación y/o Innovación",resultado,nivel,anios,desde,hasta,agencia,Decisión /Fecha Sesión,Decisión/Agencia,Decisión/Resultado Acreditacíón,Decisión/Años,Decisión/Fecha Vigencia Desde,Decisión/Fecha Vigencia Hasta,Reposición/Fecha Sesión,Reposición/Agencia,Reposición/Resultado,Reposición/Años,Reposición/Fecha Vigencia Desde,Reposición/Fecha Vigencia Hasta,Apelación/Fecha Sesión,Apelación/Agencia,Apelación/Resultado,Apelación/Años,Apelación/Fecha Vigencia Desde,Apelación/Fecha Vigencia Hasta,resultado_raw,en_proceso,rescatado,anio_acreditacion,marco,nivel_derivado,cubre
ACADEMIA DE CIENCIAS POLICIALES DE CARABINEROS,INST-00130-01-00,FUERZAS ARMADAS Y DE ORDEN,ACADEMIA DE CIENCIAS POLICIALES DE CARABINEROS,Si,,Si,Si,No,No,No,No,No,No,No,ACREDITADA,AVANZADO,4,2022-05-04,2026-05-04,,04/05/2022,COMISIÓN NACIONAL DE ACREDITACION DE CHILE,ACREDITADA,4,04/05/2022,04/05/2026,,,,,,,,,,,,,ACREDITADA<br/> (EN PROCESO),True,True,2022,Ley 21.091,False,False
ACADEMIA DE GUERRA AEREA,INST-00144-01-00,FUERZAS ARMADAS Y DE ORDEN,ACADEMIA DE GUERRA AÉREA,No,,Si,Si,No,No,No,No,No,No,No,ACREDITADA,AVANZADO,4,2023-07-20,2027-07-20,CNA-CHILE,20/07/2023,COMISIÓN NACIONAL DE ACREDITACION DE CHILE,ACREDITADA,4,20/07/2023,20/07/2027,,,,,,,,,,,,,ACREDITADA,False,False,2023,Ley 21.091,False,True
ACADEMIA DE GUERRA DEL EJERCITO,INST-00132-01-00,FUERZAS ARMADAS Y DE ORDEN,ACADEMIA DE GUERRA DEL EJÉRCITO,No,,Si,Si,No,No,No,No,No,No,No,ACREDITADA,AVANZADO,5,2022-02-24,2027-02-24,CNA-CHILE,24/02/2022,COMISIÓN NACIONAL DE ACREDITACION DE CHILE,ACREDITADA,5,24/02/2022,24/02/2027,20/07/2022,COMISIÓN NACIONAL DE ACREDITACION DE CHILE,ACOGE,5,24/02/2022,24/02/2027,,,,,,,ACREDITADA,False,False,2022,Ley 21.091,False,True
ACADEMIA DE GUERRA NAVAL DE LA ARMADA,INST-00137-01-00,FUERZAS ARMADAS Y DE ORDEN,ACADEMIA DE GUERRA NAVAL DE LA ARMADA,No,,Si,Si,No,No,No,No,No,No,No,ACREDITADA,AVANZADO,5,2022-08-24,2027-08-24,CNA-CHILE,24/08/2022,COMISIÓN NACIONAL DE ACREDITACION DE CHILE,ACREDITADA,5,24/08/2022,24/08/2027,,,,,,,,,,,,,ACREDITADA,False,False,2022,Ley 21.091,False,True
ACADEMIA NACIONAL DE ESTUDIOS POLITICOS Y ESTRATEGICOS,INST-00133-01-00,FUERZAS ARMADAS Y DE ORDEN,ACADEMIA NACIONAL DE ESTUDIOS POLÍTICOS Y ESTRATÉGICOS,Si,,Si,Si,No,No,No,No,No,No,No,ACREDITADA,AVANZADO,4,2021-12-16,2025-12-16,,16/12/2021,COMISIÓN NACIONAL DE ACREDITACION DE CHILE,ACREDITADA,4,16/12/2021,16/12/2025,,,,,,,,,,,,,ACREDITADA<br/> (EN PROCESO),True,True,2021,Ley 21.091,False,False
ACADEMIA POLITECNICA AERONAUTICA,INST-00145-01-00,FUERZAS ARMADAS Y DE ORDEN,ACADEMIA POLITÉCNICA AERONÁUTICA,No,,Si,Si,No,No,No,No,No,No,No,ACREDITADA,AVANZADO,4,2023-06-15,2027-06-15,CNA-CHILE,15/06/2023,COMISIÓN NACIONAL DE ACREDITACION DE CHILE,ACREDITADA,4,15/06/2023,15/06/2027,,,,,,,,,,,,,ACREDITADA,False,False,2023,Ley 21.091,False,True
ACADEMIA POLITECNICA MILITAR,INST-00096-03-00,FUERZAS ARMADAS Y DE ORDEN,ACADEMIA POLITÉCNICA MILITAR,Si,,Si,Si,No,No,No,No,No,No,No,ACREDITADA,AVANZADO,4,2021-10-13,2025-10-13,,13/10/2021,COMISIÓN NACIONAL DE ACREDITACION DE CHILE,ACREDITADA,4,13/10/2021,13/10/2025,,,,,,,,,,,,,ACREDITADA<br/> (EN PROCESO),True,True,2021,Ley 21.091,False,False
ACADEMIA POLITECNICA NAVAL,INST-00087-04-00,FUERZAS ARMADAS Y DE ORDEN,ACADEMIA POLITÉCNICA NAVAL,No,,Si,Si,No,Si,No,No,No,No,No,ACREDITADA,AVANZADO,5,2023-10-11,2028-10-11,CNA-CHILE,11/10/2023,COMISIÓN NACIONAL DE ACREDITACION DE CHILE,ACREDITADA,5,11/10/2023,11/10/2028,,,,,,,,,,,,,ACREDITADA,False,False,2023,Ley 21.091,False,True
ACADEMIA SUPERIOR DE ESTUDIOS POLICIALES DE LA POLICIA DE INVESTIGACIONES DE CHILE,INST-00139-01-00,FUERZAS ARMADAS Y DE ORDEN,ACADEMIA SUPERIOR DE ESTUDIOS POLICIALES DE LA POLICÍA DE INVESTIGACIONES DE CHILE,No,,Si,Si,No,No,No,No,No,No,No,ACREDITADA,AVANZADO,4,2023-02-24,2027-02-24,CNA-CHILE,24/02/2023,COMISIÓN NACIONAL DE ACREDITACION DE CHILE,ACREDITADA,4,24/02/2023,24/02/2027,,,,,,,,,,,,,ACREDITADA,False,False,2023,Ley 21.091,False,True
CFT ALPES,INST-00131-02-00,CENTRO DE FORMACIÓN TÉCNICA,CENTRO DE FORMACIÓN TÉCNICA ALPES,No,,No,No,No,No,No,Si,Si,Si,No,ACREDITADA,BÁSICO,3,2025-10-16,2028-10-16,CNA-CHILE,16/10/2025,COMISIÓN NACIONAL DE ACREDITACION DE CHILE,ACREDITADA,3,16/10/2025,16/10/2028,,,,,,,,,,,,,ACREDITADA,False,False,2025,Ley 21.091,False,True
CFT ANDRES BELLO,INST-00001-05-00,CENTRO DE FORMACIÓN TÉCNICA,CENTRO DE FORMACIÓN TÉCNICA ANDRÉS BELLO,No,,No,No,No,No,No,No,No,No,No,NO ACREDITADA,,,,,CNA-CHILE,27/07/2016,COMISIÓN NACIONAL DE ACREDITACION DE CHILE,NO ACREDITADA,,,,05/10/2016,COMISIÓN NACIONAL DE ACREDITACION DE CHILE,NO ACOGE,,,,,CONSEJO NACIONAL DE EDUCACIÓN,NO ACOGE,0,,,NO ACREDITADA,False,False,,Ley 21.091,False,False
CFT ASISTE,INST-00147-02-00,CENTRO DE FORMACIÓN TÉCNICA,CENTRO DE FORMACIÓN TÉCNICA ASISTE,No,,No,No,No,No,No,No,No,No,No,NO ACREDITADA,,,,,CNA-CHILE,08/07/2026,COMISIÓN NACIONAL DE ACREDITACION DE CHILE,NO ACREDITADA,,,,,,,,,,,,,,,,NO ACREDITADA,False,False,,Ley 21.091,False,False
CFT BARROS ARANA,INST-00085-01-00,CENTRO DE FORMACIÓN TÉCNICA,CENTRO DE FORMACIÓN TÉCNICA BARROS ARANA,No,,No,No,No,No,No,No,No,No,No,NO ACREDITADA,,1,2010-02-24,2011-08-24,,24/02/2010,COMISIÓN NACIONAL DE ACREDITACION DE CHILE,NO ACREDITADA,,,,24/02/2010,COMISIÓN NACIONAL DE ACREDITACION DE CHILE,ACOGE,1,24/02/2010,24/08/2011,,,,,,,NO ACREDITADA,False,True,2010,Ley 20.129 (régimen anterior),False,False
CFT CANON,INST-00114-02-00,CENTRO DE FORMACIÓN TÉCNICA,CENTRO DE FORMACIÓN TÉCNICA CANON,No,,No,No,No,No,No,No,No,No,No,NO ACREDITADA,,,,,CNA-CHILE,05/03/2026,COMISIÓN NACIONAL DE ACREDITACION DE CHILE,NO ACREDITADA,,,,,,,,,,,,,,,,NO ACREDITADA,False,False,,Ley 21.091,False,False
CFT CEDUC UCN,INST-00002-04-00,CENTRO DE FORMACIÓN TÉCNICA,CENTRO DE FORMACIÓN TÉCNICA CEDUC - UCN,No,,Si,Si,No,No,No,No,No,No,No,ACREDITADA,AVANZADO,5,2021-11-04,2026-11-04,CNA-CHILE,04/11/2021,COMISIÓN NACIONAL DE ACREDITACION DE CHILE,ACREDITADA,5,04/11/2021,04/11/2026,11/05/2022,COMISIÓN NACIONAL DE ACREDITACION DE CHILE,NO ACOGE,5,04/11/2021,04/11/2026,,,,,,,ACREDITADA<br/> (EN PROCESO),True,False,2021,Ley 21.091,False,True
CFT CEITEC,INST-10013-01-00,CENTRO DE FORMACIÓN TÉCNICA,CENTRO DE FORMACIÓN TÉCNICA CEITEC,No,,No,No,No,No,No,No,No,No,No,NO ACREDITADA,,,,,CNA-CHILE,09/11/2022,COMISIÓN NACIONAL DE ACREDITACION DE CHILE,,,,,,,,,,,,,,,,,NO ACREDITADA,False,False,,Ley 21.091,False,False
CFT CENCO,INST-00108-03-00,CENTRO DE FORMACIÓN TÉCNICA,CENTRO DE FORMACIÓN TÉCNICA CENCO,No,,No,No,No,No,No,Si,Si,Si,No,ACREDITADA,BÁSICO,3,2026-04-08,2029-04-08,CNA-CHILE,08/04/2026,COMISIÓN NACIONAL DE ACREDITACION DE CHILE,ACREDITADA,3,08/04/2026,08/04/2029,,,,,,,,,,,,,ACREDITADA,False,False,2026,Ley 21.091,False,True
CFT CENTRO TECNOLOGICO SUPERIOR INFOMED,INST-10002-01-00,CENTRO DE FORMACIÓN TÉCNICA,CENTRO DE FORMACIÓN TÉCNICA CENTRO TECNOLÓGICO SUPERIOR INFOMED,No,,No,No,No,No,No,No,No,No,No,NO ACREDITADA,,,,,CNA-CHILE,27/09/2021,COMISIÓN NACIONAL DE ACREDITACION DE CHILE,,,,,,,,,,,,,,,,,NO ACREDITADA,False,False,,Ley 21.091,False,False
CFT DUOC UC,INST-00004-02-00,CENTRO DE FORMACIÓN TÉCNICA,CENTRO DE FORMACIÓN TÉCNICA DUOC UC,No,,No,No,No,No,No,No,No,No,No,NO ACREDITADA,,6,2011-11-23,2017-11-23,,23/11/2011,COMISIÓN NACIONAL DE ACREDITACION DE CHILE,ACREDITADA,6,23/11/2011,23/11/2017,,,,,,,,,,,,,NO ACREDITADA,False,True,2011,Ley 21.091,False,False
CFT EDUCAP,INST-10014-01-00,CENTRO DE FORMACIÓN TÉCNICA,CENTRO DE FORMACIÓN TÉCNICA EDUCAP,No,,No,No,No,No,No,No,No,No,No,NO ACREDITADA,,,,,CNA-CHILE,27/01/2023,COMISIÓN NACIONAL DE ACREDITACION DE CHILE,,,,,,,,,,,,,,,,,NO ACREDITADA,False,False,,Ley 21.091,False,False
CFT ENAC,INST-00098-03-00,CENTRO DE FORMACIÓN TÉCNICA,CENTRO DE FORMACIÓN TÉCNICA ENAC,No,,Si,Si,No,Si,No,No,No,No,No,ACREDITADA,DE EXCELENCIA,6,2022-10-26,2028-10-26,CNA-CHILE,14/09/2022,COMISIÓN NACIONAL DE ACREDITACION DE CHILE,ACREDITADA,5,26/10/2022,26/10/2027,26/10/2022,COMISIÓN NACIONAL DE ACREDITACION DE CHILE,ACOGE,6,26/10/2022,26/10/2028,,,,,,,ACREDITADA,False,False,2022,Ley 21.091,False,True
CFT ESCUELA CULINARIA FRANCESA,INST-00134-01-00,CENTRO DE FORMACIÓN TÉCNICA,CENTRO DE FORMACIÓN TÉCNICA ESCUELA CULINARIA FRANCESA,No,,Si,Si,No,No,No,No,No,No,No,ACREDITADA,AVANZADO,4,2022-10-05,2026-10-05,CNA-CHILE,05/10/2022,COMISIÓN NACIONAL DE ACREDITACION DE CHILE,ACREDITADA,4,05/10/2022,05/10/2026,,,,,,,,,,,,,ACREDITADA,False,False,2022,Ley 21.091,False,True
CFT ESCUELA DE COMERCIO DE SANTIAGO,INST-00090-06-00,CENTRO DE FORMACIÓN TÉCNICA,CENTRO DE FORMACIÓN TÉCNICA ESCUELA DE COMERCIO DE SANTIAGO,No,,No,No,No,No,No,No,No,No,No,NO ACREDITADA,,,,,CNA-CHILE,28/05/2024,COMISIÓN NACIONAL DE ACREDITACION DE CHILE,NO ACREDITADA,,,,,,,,,,,,,,,,NO ACREDITADA,False,False,,Ley 21.091,False,False
CFT ESCUELA SUPERIOR DE ADMINISTRACION DE NEGOCIOS DEL NORTE ESANE DEL NORTE,INST-10011-01-00,CENTRO DE FORMACIÓN TÉCNICA,CENTRO DE FORMACIÓN TÉCNICA ESCUELA SUPERIOR DE ADMINISTRACIÓN DE NEGOCIOS DEL NORTE - ESANE DEL NORTE,No,,No,No,No,No,No,No,No,No,No,NO ACREDITADA,,,,,CNA-CHILE,09/11/2022,COMISIÓN NACIONAL DE ACREDITACION DE CHILE,,,,,,,,,,,,,,,,,NO ACREDITADA,False,False,,Ley 21.091,False,False
CFT ICCE,INST-00079-02-00,CENTRO DE FORMACIÓN TÉCNICA,CENTRO DE FORMACIÓN TÉCNICA ICCE,No,,No,No,No,No,No,No,No,No,No,NO ACREDITADA,,,,,CNA-CHILE,11/05/2022,COMISIÓN NACIONAL DE ACREDITACION DE CHILE,NO ACREDITADA,,,,21/09/2022,COMISIÓN NACIONAL DE ACREDITACION DE CHILE,NO ACOGE,0,,,31/05/2023,CONSEJO NACIONAL DE EDUCACIÓN,NO ACOGE,0,,,NO ACREDITADA,False,False,,Ley 21.091,False,False
CFT ICEL,INST-10008-01-00,CENTRO DE FORMACIÓN TÉCNICA,CENTRO DE FORMACIÓN TÉCNICA ICEL,No,,No,No,No,No,No,No,No,No,No,NO ACREDITADA,,,,,CNA-CHILE,21/04/2022,COMISIÓN NACIONAL DE ACREDITACION DE CHILE,,,,,,,,,,,,,,,,,NO ACREDITADA,False,False,,Ley 21.091,False,False
CFT INACAP,INST-00005-04-00,CENTRO DE FORMACIÓN TÉCNICA,CENTRO DE FORMACIÓN TÉCNICA INACAP,No,,No,No,No,No,No,Si,Si,Si,Si,ACREDITADA,DE EXCELENCIA,7,2025-08-13,2032-08-13,CNA-CHILE,13/08/2025,COMISIÓN NACIONAL DE ACREDITACION DE CHILE,ACREDITADA,7,13/08/2025,13/08/2032,,,,,,,,,,,,,ACREDITADA,False,False,2025,Ley 21.091,False,True
CFT INDUSTRIA GRAFICA,INST-10003-01-00,CENTRO DE FORMACIÓN TÉCNICA,CENTRO DE FORMACIÓN TÉCNICA DE LA INDUSTRIA GRÁFICA,No,,No,No,No,No,No,No,No,No,No,NO ACREDITADA,,,,,CNA-CHILE,27/09/2021,COMISIÓN NACIONAL DE ACREDITACION DE CHILE,,,,,,,,,,,,,,,,,NO ACREDITADA,False,False,,Ley 21.091,False,False
CFT INSEC,INST-00110-01-00,CENTRO DE FORMACIÓN TÉCNICA,CENTRO DE FORMACIÓN TÉCNICA INSEC,No,,No,No,No,No,No,No,No,No,No,NO ACREDITADA,,2,2013-09-25,2015-09-25,,25/09/2013,COMISIÓN NACIONAL DE ACREDITACION DE CHILE,ACREDITADA,2,25/09/2013,25/09/2015,,,,,,,,,,,,,NO ACREDITADA,False,True,2013,Ley 20.129 (régimen anterior),False,False
CFT INSTITUTO SUPERIOR ALEMAN DE COMERCIO INSALCO,INST-00150-01-00,CENTRO DE FORMACIÓN TÉCNICA,CENTRO DE FORMACIÓN TÉCNICA INSTITUTO SUPERIOR ALEMÁN DE COMERCIO INSALCO,No,,No,No,No,No,No,Si,Si,Si,No,ACREDITADA,BÁSICO,3,2025-10-15,2028-10-15,CNA-CHILE,15/10/2025,COMISIÓN NACIONAL DE ACREDITACION DE CHILE,ACREDITADA,3,15/10/2025,15/10/2028,02/07/2026,COMISIÓN NACIONAL DE ACREDITACION DE CHILE,ACOGE,3,15/10/2025,15/10/2028,,,,,,,ACREDITADA,False,False,2025,Ley 21.091,False,True
CFT INSTITUTO TECNOLOGICO DE CHILE ITC,INST-10004-01-00,CENTRO DE FORMACIÓN TÉCNICA,CENTRO DE FORMACIÓN TÉCNICA INSTITUTO TECNOLÓGICO DE CHILE ITC,No,,No,No,No,No,No,No,No,No,No,NO ACREDITADA,,,,,CNA-CHILE,27/09/2021,COMISIÓN NACIONAL DE ACREDITACION DE CHILE,,,,,,,,,,,,,,,,,NO ACREDITADA,False,False,,Ley 21.091,False,False
CFT IPROSEC,INST-00007-06-00,CENTRO DE FORMACIÓN TÉCNICA,CENTRO DE FORMACIÓN TÉCNICA IPROSEC,No,,No,No,No,No,No,No,No,No,No,NO ACREDITADA,,,,,CNA-CHILE,28/03/2025,COMISIÓN NACIONAL DE ACREDITACION DE CHILE,NO ACREDITADA,,,,,,,,,,,,,,,,NO ACREDITADA,False,False,,Ley 21.091,False,False
CFT JUAN BOHON,INST-00116-04-00,CENTRO DE FORMACIÓN TÉCNICA,CENTRO DE FORMACIÓN TÉCNICA JUAN BOHON,No,,Si,Si,No,No,No,No,No,No,No,ACREDITADA,AVANZADO,4,2023-04-05,2027-04-05,CNA-CHILE,05/04/2023,COMISIÓN NACIONAL DE ACREDITACION DE CHILE,ACREDITADA,4,05/04/2023,05/04/2027,,,,,,,,,,,,,ACREDITADA,False,False,2023,Ley 21.091,False,True
CFT LAPLACE,INST-00140-02-00,CENTRO DE FORMACIÓN TÉCNICA,CENTRO DE FORMACIÓN TÉCNICA LAPLACE,No,,No,No,No,No,No,No,No,No,No,NO ACREDITADA,,,,,,,,,,,,,,,,,,,,,,,,NO ACREDITADA,False,False,,Ley 21.091,False,False
CFT LOS LAGOS,INST-00142-01-00,CENTRO DE FORMACIÓN TÉCNICA,CENTRO DE FORMACIÓN TÉCNICA LOS LAGOS,No,,No,No,No,No,No,No,No,No,No,NO ACREDITADA,,,,,CNA-CHILE,26/04/2023,COMISIÓN NACIONAL DE ACREDITACION DE CHILE,NO ACREDITADA,,,,,,,,,,,,,,,,NO ACREDITADA,False,False,,Ley 21.091,False,False
CFT LOTA ARAUCO,INST-00008-06-00,CENTRO DE FORMACIÓN TÉCNICA,CENTRO DE FORMACIÓN TÉCNICA LOTA ARAUCO,No,,Si,Si,No,Si,No,No,No,No,No,ACREDITADA,AVANZADO,4,2023-07-22,2027-07-22,CNA-CHILE,20/07/2023,COMISIÓN NACIONAL DE ACREDITACION DE CHILE,ACREDITADA,4,22/07/2023,22/07/2027,,,,,,,,,,,,,ACREDITADA,False,False,2023,Ley 21.091,False,True
CFT MANPOWER,INST-00122-03-00,CENTRO DE FORMACIÓN TÉCNICA,CENTRO DE FORMACIÓN TÉCNICA MANPOWER,No,,No,No,No,No,No,No,No,No,No,NO ACREDITADA,,,,,CNA-CHILE,07/01/2026,COMISIÓN NACIONAL DE ACREDITACION DE CHILE,NO ACREDITADA,,,,,,,,,,,,,,,,NO ACREDITADA,False,False,,Ley 21.091,False,False
CFT MEDIO AMBIENTE IDMA,INST-00003-06-00,CENTRO DE FORMACIÓN TÉCNICA,CENTRO DE FORMACIÓN TÉCNICA DEL MEDIO AMBIENTE IDMA,No,,Si,Si,No,No,No,No,No,No,No,ACREDITADA,BÁSICO,3,2024-02-28,2027-02-28,CNA-CHILE,28/02/2024,COMISIÓN NACIONAL DE ACREDITACION DE CHILE,ACREDITADA,3,28/02/2024,28/02/2027,08/08/2024,COMISIÓN NACIONAL DE ACREDITACION DE CHILE,NO ACOGE,3,28/02/2024,28/02/2027,,,,,,,ACREDITADA,False,False,2024,Ley 21.091,False,True
CFT PROANDES,INST-00104-03-00,CENTRO DE FORMACIÓN TÉCNICA,CENTRO DE FORMACIÓN TÉCNICA PROANDES,No,,No,No,No,No,No,No,No,No,No,NO ACREDITADA,,2,2018-08-29,2020-08-29,,29/08/2018,COMISIÓN NACIONAL DE ACREDITACION DE CHILE,ACREDITADA,2,29/08/2018,29/08/2020,05/12/2018,COMISIÓN NACIONAL DE ACREDITACION DE CHILE,NO ACOGE,2,29/08/2018,29/08/2020,,,,,,,NO ACREDITADA,False,True,2018,Ley 20.129 (régimen anterior),False,False
CFT PRODATA,INST-00153-01-00,CENTRO DE FORMACIÓN TÉCNICA,CENTRO DE FORMACIÓN TÉCNICA PRODATA,No,,No,No,No,No,No,No,No,No,No,NO ACREDITADA,,,,,CNA-CHILE,26/02/2026,COMISIÓN NACIONAL DE ACREDITACION DE CHILE,NO ACREDITADA,,,,,,,,,,,,,,,,NO ACREDITADA,False,False,,Ley 21.091,False,False
CFT PROFASOC,INST-10007-01-00,CENTRO DE FORMACIÓN TÉCNICA,CENTRO DE FORMACIÓN TÉCNICA PROFASOC,No,,No,No,No,No,No,No,No,No,No,NO ACREDITADA,,,,,CNA-CHILE,09/11/2021,COMISIÓN NACIONAL DE ACREDITACION DE CHILE,,,,,,,,,,,,,,,,,NO ACREDITADA,False,False,,Ley 21.091,False,False
CFT PROTEC,INST-00102-02-00,CENTRO DE FORMACIÓN TÉCNICA,CENTRO DE FORMACIÓN TÉCNICA PROTEC,No,,No,No,No,No,No,No,No,No,No,NO ACREDITADA,,,,,CNA-CHILE,25/03/2026,COMISIÓN NACIONAL DE ACREDITACION DE CHILE,NO ACREDITADA,,,,,,,,,,,,,,,,NO ACREDITADA,False,False,,Ley 21.091,False,False
CFT SAN AGUSTIN,INST-00009-05-00,CENTRO DE FORMACIÓN TÉCNICA,CENTRO DE FORMACIÓN TÉCNICA SAN AGUSTÍN,No,,No,No,No,No,No,Si,Si,Si,No,ACREDITADA,AVANZADO,5,2024-10-09,2029-10-09,CNA-CHILE,09/10/2024,COMISIÓN NACIONAL DE ACREDITACION DE CHILE,ACREDITADA,5,09/10/2024,09/10/2029,23/04/2025,COMISIÓN NACIONAL DE ACREDITACION DE CHILE,NO ACOGE,5,09/10/2024,09/10/2029,,,,,,,ACREDITADA,False,False,2024,Ley 21.091,False,True
CFT SANTO TOMAS,INST-00010-07-00,CENTRO DE FORMACIÓN TÉCNICA,CENTRO DE FORMACIÓN TÉCNICA SANTO TOMÁS,No,,No,No,No,No,No,Si,Si,Si,No,ACREDITADA,DE EXCELENCIA,6,2024-12-21,2030-12-21,CNA-CHILE,11/12/2024,COMISIÓN NACIONAL DE ACREDITACION DE CHILE,ACREDITADA,6,21/12/2024,21/12/2030,,,,,,,,,,,,,ACREDITADA,False,False,2024,Ley 21.091,False,True
CFT TARAPACA,INST-00083-03-00,CENTRO DE FORMACIÓN TÉCNICA,CENTRO DE FORMACIÓN TÉCNICA TARAPACÁ,No,,No,No,No,No,No,No,No,No,No,NO ACREDITADA,,3,2017-12-05,2020-12-05,,15/11/2017,COMISIÓN NACIONAL DE ACREDITACION DE CHILE,ACREDITADA,3,05/12/2017,05/12/2020,28/02/2018,COMISIÓN NACIONAL DE ACREDITACION DE CHILE,NO ACOGE,3,05/12/2017,05/12/2020,,,,,,,NO ACREDITADA,False,True,2017,Ley 21.091,False,False
CFT TEODORO WICKEL KLUWEN,INST-00119-04-00,CENTRO DE FORMACIÓN TÉCNICA,CENTRO DE FORMACIÓN TÉCNICA TEODORO WICKEL KLÜWEN,No,,No,No,No,No,No,No,No,No,No,NO ACREDITADA,,,,,CNA-CHILE,31/03/2025,COMISIÓN NACIONAL DE ACREDITACION DE CHILE,NO ACREDITADA,,,,,,,,,,,,,,,,NO ACREDITADA,False,False,,Ley 21.091,False,False
CFT UDA,INST-00115-01-00,CENTRO DE FORMACIÓN TÉCNICA,CENTRO DE FORMACIÓN TÉCNICA UDA,No,,No,No,No,No,No,No,No,No,No,NO ACREDITADA,,,,,CNA-CHILE,21/01/2015,COMISIÓN NACIONAL DE ACREDITACION DE CHILE,NO ACREDITADA,,,,27/05/2015,COMISIÓN NACIONAL DE ACREDITACION DE CHILE,NO ACOGE,,,,,CONSEJO NACIONAL DE EDUCACIÓN,NO ACOGE,0,,,NO ACREDITADA,False,False,,Ley 21.091,False,False
CFT UVALPO,INST-00113-02-00,CENTRO DE FORMACIÓN TÉCNICA,CENTRO DE FORMACIÓN TÉCNICA UVALPO,No,,No,No,No,No,No,No,No,No,No,NO ACREDITADA,,3,2017-08-02,2020-08-02,,12/10/2016,COMISIÓN NACIONAL DE ACREDITACION DE CHILE,NO ACREDITADA,,,,03/01/2017,COMISIÓN NACIONAL DE ACREDITACION DE CHILE,NO ACOGE,,,,,CONSEJO NACIONAL DE EDUCACIÓN,ACOGE,3,02/08/2017,02/08/2020,NO ACREDITADA,False,True,2017,Ley 21.091,False,False
CORPORACION CENTRO DE FORMACION TECNICA DE LA PONTIFICIA UNIVERSIDAD CATOLICA DE VALPARAISO O CFT PUCV,INST-00100-04-00,CENTRO DE FORMACIÓN TÉCNICA,CORPORACIÓN CENTRO DE FORMACIÓN TÉCNICA DE LA PONTIFICIA UNIVERSIDAD CATÓLICA DE VALPARAÍSO O CFT PUCV,No,,Si,Si,No,Si,No,No,No,No,No,ACREDITADA,AVANZADO,5,2022-01-12,2027-01-12,CNA-CHILE,12/01/2022,COMISIÓN NACIONAL DE ACREDITACION DE CHILE,ACREDITADA,5,12/01/2022,12/01/2027,13/07/2022,COMISIÓN NACIONAL DE ACREDITACION DE CHILE,NO ACOGE,5,12/01/2022,12/01/2027,,,,,,,ACREDITADA,False,False,2022,Ley 21.091,False,True
ESCUELA DE AVIACION CAPITAN MANUEL AVALOS PRADO,INST-00011-04-00,FUERZAS ARMADAS Y DE ORDEN,ESCUELA DE AVIACIÓN CAPITÁN MANUEL ÁVALOS PRADO,No,,Si,Si,No,Si,No,No,No,No,No,ACREDITADA,AVANZADO,5,2023-08-03,2028-08-03,CNA-CHILE,03/08/2023,COMISIÓN NACIONAL DE ACREDITACION DE CHILE,ACREDITADA,5,03/08/2023,03/08/2028,,,,,,,,,,,,,ACREDITADA,False,False,2023,Ley 21.091,False,True
ESCUELA DE CARABINEROS DE CHILE DEL GENERAL CARLOS IBANEZ DEL CAMPO,INST-00127-02-00,FUERZAS ARMADAS Y DE ORDEN,"ESCUELA DE CARABINEROS DE CHILE, DEL GENERAL CARLOS IBAÑEZ DEL CAMPO",No,,Si,Si,No,Si,No,No,No,No,No,ACREDITADA,AVANZADO,4,2022-12-20,2026-12-20,CNA-CHILE,24/11/2022,COMISIÓN NACIONAL DE ACREDITACION DE CHILE,ACREDITADA,4,20/12/2022,20/12/2026,,,,,,,,,,,,,ACREDITADA<br/> (EN PROCESO),True,False,2022,Ley 21.091,False,True
ESCUELA DE ESPECIALIDADES SGTO 1O ADOLFO MENADIER ROJAS DE LA FUERZA AEREA,INST-00138-01-00,FUERZAS ARMADAS Y DE ORDEN,ESCUELA DE ESPECIALIDADES SGTO 1º ADOLFO MENADIER ROJAS DE LA FUERZA AÉREA,No,,Si,Si,No,No,No,No,No,No,No,ACREDITADA,AVANZADO,4,2022-08-17,2026-08-17,CNA-CHILE,17/08/2022,COMISIÓN NACIONAL DE ACREDITACION DE CHILE,ACREDITADA,4,17/08/2022,17/08/2026,,,,,,,,,,,,,ACREDITADA,False,False,2022,Ley 21.091,False,True
ESCUELA DE GRUMETES A N C,INST-00105-03-00,FUERZAS ARMADAS Y DE ORDEN,ESCUELA DE GRUMETES A.N.C.,No,,Si,Si,No,Si,No,No,No,No,No,ACREDITADA,AVANZADO,5,2022-03-16,2027-03-16,CNA-CHILE,16/03/2022,COMISIÓN NACIONAL DE ACREDITACION DE CHILE,ACREDITADA,5,16/03/2022,16/03/2027,,,,,,,,,,,,,ACREDITADA,False,False,2022,Ley 21.091,False,True
ESCUELA DE INVESTIGACIONES POLICIALES,INST-00088-05-00,FUERZAS ARMADAS Y DE ORDEN,ESCUELA DE INVESTIGACIONES POLICIALES,No,,No,No,No,No,No,Si,Si,Si,No,ACREDITADA,AVANZADO,4,2026-02-27,2030-02-27,CNA-CHILE,27/02/2026,COMISIÓN NACIONAL DE ACREDITACION DE CHILE,ACREDITADA,4,27/02/2026,27/02/2030,,,,,,,,,,,,,ACREDITADA,False,False,2026,Ley 21.091,False,True
ESCUELA DE SUBOFICIALES DE CARABINEROS DE CHILE S O M FABRICIANO GONZALEZ URZUA,INST-00129-01-00,FUERZAS ARMADAS Y DE ORDEN,"ESCUELA DE SUBOFICIALES DE CARABINEROS DE CHILE  ""S.O.M. FABRICIANO GONZÁLEZ URZÚA""",No,,Si,Si,No,No,No,No,No,No,No,ACREDITADA,AVANZADO,4,2022-10-26,2026-10-26,CNA-CHILE,26/10/2022,COMISIÓN NACIONAL DE ACREDITACION DE CHILE,ACREDITADA,4,26/10/2022,26/10/2026,,,,,,,,,,,,,ACREDITADA<br/> (EN PROCESO),True,False,2022,Ley 21.091,False,True
ESCUELA DE SUBOFICIALES SG2 DANIEL REBOLLEDO SEPULVEDA DEL EJERCITO,INST-00135-01-00,FUERZAS ARMADAS Y DE ORDEN,ESCUELA DE SUBOFICIALES SG2.DANIEL REBOLLEDO SEPÚLVEDA DEL EJÉRCITO,No,,Si,Si,No,No,No,No,No,No,No,ACREDITADA,AVANZADO,5,2022-10-19,2027-10-19,CNA-CHILE,19/10/2022,COMISIÓN NACIONAL DE ACREDITACION DE CHILE,ACREDITADA,5,19/10/2022,19/10/2027,,,,,,,,,,,,,ACREDITADA,False,False,2022,Ley 21.091,False,True
ESCUELA MILITAR DEL LIBERTADOR BERNARDO O HIGGINS,INST-00012-04-00,FUERZAS ARMADAS Y DE ORDEN,ESCUELA MILITAR DEL LIBERTADOR BERNARDO O´HIGGINS,No,,Si,Si,No,Si,No,No,No,No,No,ACREDITADA,DE EXCELENCIA,6,2022-03-23,2028-03-23,CNA-CHILE,23/03/2022,COMISIÓN NACIONAL DE ACREDITACION DE CHILE,ACREDITADA,6,23/03/2022,23/03/2028,,,,,,,,,,,,,ACREDITADA,False,False,2022,Ley 21.091,False,True
ESCUELA NAVAL ARTURO PRAT,INST-00013-04-00,FUERZAS ARMADAS Y DE ORDEN,ESCUELA NAVAL ARTURO PRAT,No,,No,No,No,No,No,Si,Si,Si,Si,ACREDITADA,DE EXCELENCIA,6,2025-03-12,2031-03-12,CNA-CHILE,12/03/2025,COMISIÓN NACIONAL DE ACREDITACION DE CHILE,ACREDITADA,6,12/03/2025,12/03/2031,,,,,,,,,,,,,ACREDITADA,False,False,2025,Ley 21.091,False,True
ESCUELA TECNICA AERONAUTICA,INST-00117-05-00,FUERZAS ARMADAS Y DE ORDEN,ESCUELA TÉCNICA AERONÁUTICA,No,,No,No,No,No,No,Si,Si,Si,No,ACREDITADA,AVANZADO,4,2025-09-04,2029-09-04,CNA-CHILE,04/09/2025,COMISIÓN NACIONAL DE ACREDITACION DE CHILE,ACREDITADA,4,04/09/2025,04/09/2029,18/03/2026,COMISIÓN NACIONAL DE ACREDITACION DE CHILE,ACOGE,4,04/09/2025,04/09/2029,,,,,,,ACREDITADA,False,False,2025,Ley 21.091,False,True
INSTITUTO INTERNACIONAL DE ARTES CULINARIAS Y SERVICIOS,INST-00125-03-00,INSTITUTO PROFESIONAL,INSTITUTO INTERNACIONAL DE ARTES CULINARIAS Y SERVICIOS,No,,No,No,No,No,No,Si,Si,Si,Si,ACREDITADA,DE EXCELENCIA,6,2025-03-04,2031-03-04,CNA-CHILE,18/12/2024,COMISIÓN NACIONAL DE ACREDITACION DE CHILE,ACREDITADA,6,04/03/2025,04/03/2031,,,,,,,,,,,,,ACREDITADA,False,False,2025,Ley 21.091,False,True
INSTITUTO NACIONAL DEL FUTBOL DEPORTE Y ACTIVIDAD FISICA INAF,INST-00094-06-00,INSTITUTO PROFESIONAL,"INSTITUTO NACIONAL DEL FÚTBOL, DEPORTE Y ACTIVIDAD FÍSICA INAF",No,,No,No,No,No,No,Si,Si,Si,No,ACREDITADA,AVANZADO,4,2026-01-07,2030-01-07,CNA-CHILE,07/01/2026,COMISIÓN NACIONAL DE ACREDITACION DE CHILE,ACREDITADA,4,07/01/2026,07/01/2030,01/07/2026,COMISIÓN NACIONAL DE ACREDITACION DE CHILE,NO ACOGE,4,07/01/2026,07/01/2030,,,,,,,ACREDITADA,False,False,2026,Ley 21.091,False,True
INSTITUTO SUPERIOR DE ARTES Y CIENCIAS DE LA COMUNICACION IACC,INST-00126-02-00,INSTITUTO PROFESIONAL,INSTITUTO SUPERIOR DE ARTES Y CIENCIAS DE LA COMUNICACIÓN IACC,Si,,Si,Si,No,No,No,No,No,No,No,ACREDITADA,AVANZADO,4,2022-06-01,2026-06-01,,01/06/2022,COMISIÓN NACIONAL DE ACREDITACION DE CHILE,ACREDITADA,4,01/06/2022,01/06/2026,,,,,,,,,,,,,ACREDITADA<br/> (EN PROCESO),True,True,2022,Ley 21.091,False,False
IP AGRARIO ADOLFO MATTHEI,INST-00101-04-00,INSTITUTO PROFESIONAL,INSTITUTO PROFESIONAL AGRARIO ADOLFO MATTHEI,No,,Si,Si,No,Si,No,No,No,No,No,ACREDITADA,AVANZADO,5,2024-01-24,2029-01-24,CNA-CHILE,24/01/2024,COMISIÓN NACIONAL DE ACREDITACION DE CHILE,ACREDITADA,5,24/01/2024,24/01/2029,,,,,,,,,,,,,ACREDITADA,False,False,2024,Ley 21.091,False,True
IP AIEP,INST-00014-06-00,INSTITUTO PROFESIONAL,INSTITUTO PROFESIONAL AIEP,No,,Si,Si,No,Si,No,No,No,No,No,ACREDITADA,AVANZADO,5,2022-11-23,2027-11-23,CNA-CHILE,23/11/2022,COMISIÓN NACIONAL DE ACREDITACION DE CHILE,ACREDITADA,5,23/11/2022,23/11/2027,17/05/2023,COMISIÓN NACIONAL DE ACREDITACION DE CHILE,NO ACOGE,5,23/11/2022,23/11/2027,,,,,,,ACREDITADA,False,False,2022,Ley 21.091,False,True
IP ARAUCANA,INST-00021-04-00,INSTITUTO PROFESIONAL,INSTITUTO PROFESIONAL LA ARAUCANA,No,,No,No,No,No,No,No,No,No,No,NO ACREDITADA,,2,2017-04-26,2019-04-26,,20/12/2016,COMISIÓN NACIONAL DE ACREDITACION DE CHILE,NO ACREDITADA,,,,26/04/2017,COMISIÓN NACIONAL DE ACREDITACION DE CHILE,ACOGE,2,26/04/2017,26/04/2019,,,,,,,NO ACREDITADA,False,True,2017,Ley 20.129 (régimen anterior),False,False
IP ARTES Y COMUNICACION ARCOS,INST-00015-06-00,INSTITUTO PROFESIONAL,INSTITUTO PROFESIONAL DE ARTES Y COMUNICACIÓN ARCOS,No,,No,No,No,No,No,No,No,No,No,NO ACREDITADA,,4,2021-09-08,2025-09-08,,08/09/2021,COMISIÓN NACIONAL DE ACREDITACION DE CHILE,ACREDITADA,4,08/09/2021,08/09/2025,,,,,,,,,,,,,NO ACREDITADA,False,True,2021,Ley 21.091,False,False
IP CARLOS CASANUEVA,INST-00091-04-00,INSTITUTO PROFESIONAL,INSTITUTO PROFESIONAL CARLOS CASANUEVA,No,,No,No,No,No,No,No,No,No,No,NO ACREDITADA,,,,,CNA-CHILE,27/09/2021,COMISIÓN NACIONAL DE ACREDITACION DE CHILE,NO ACREDITADA,,,,,,,,,,,,,,,,NO ACREDITADA,False,False,,Ley 21.091,False,False
IP CATEQUISTICO PUC,INST-00078-01-00,INSTITUTO PROFESIONAL,INSTITUTO PROFESIONAL CATEQUÍSTICO PUC,No,,No,No,No,No,No,No,No,No,No,NO ACREDITADA,,,,,CNA-CHILE,30/09/2009,COMISIÓN NACIONAL DE ACREDITACION DE CHILE,NO ACREDITADA,,,,02/12/2009,COMISIÓN NACIONAL DE ACREDITACION DE CHILE,NO ACOGE,,,,,CONSEJO NACIONAL DE EDUCACIÓN,NO ACOGE,0,,,NO ACREDITADA,False,False,,Ley 21.091,False,False
IP CHILE,INST-00016-07-00,INSTITUTO PROFESIONAL,INSTITUTO PROFESIONAL DE CHILE,No,,No,No,No,No,No,Si,Si,Si,No,ACREDITADA,AVANZADO,5,2025-03-18,2030-03-18,CNA-CHILE,22/01/2025,COMISIÓN NACIONAL DE ACREDITACION DE CHILE,ACREDITADA,5,18/03/2025,18/03/2030,25/09/2025,COMISIÓN NACIONAL DE ACREDITACION DE CHILE,ACOGE,5,18/03/2025,18/03/2030,,,,,,,ACREDITADA,False,False,2025,Ley 21.091,False,True
IP CHILENO BRITANICO DE CULTURA,INST-00151-01-00,INSTITUTO PROFESIONAL,INSTITUTO PROFESIONAL CHILENO BRITÁNICO DE CULTURA,No,,No,No,No,No,No,No,No,No,No,NO ACREDITADA,,,,,,,,,,,,,,,,,,,,,,,,NO ACREDITADA<br/> (EN PROCESO),True,False,,Ley 21.091,False,False
IP DIEGO PORTALES,INST-00017-03-00,INSTITUTO PROFESIONAL,INSTITUTO PROFESIONAL DIEGO PORTALES,No,,No,No,No,No,No,No,No,No,No,NO ACREDITADA,,,,,CNA-CHILE,19/07/2023,COMISIÓN NACIONAL DE ACREDITACION DE CHILE,NO ACREDITADA,,,,19/10/2023,COMISIÓN NACIONAL DE ACREDITACION DE CHILE,NO ACOGE,0,,,13/03/2024,CONSEJO NACIONAL DE EDUCACIÓN,NO ACOGE,0,,,NO ACREDITADA,False,False,,Ley 21.091,False,False
IP DUOC UC,INST-00018-04-00,INSTITUTO PROFESIONAL,INSTITUTO PROFESIONAL DUOC UC,No,,No,No,No,No,No,Si,Si,Si,Si,ACREDITADA,DE EXCELENCIA,7,2024-10-16,2031-10-16,CNA-CHILE,16/10/2024,COMISIÓN NACIONAL DE ACREDITACION DE CHILE,ACREDITADA,7,16/10/2024,16/10/2031,,,,,,,,,,,,,ACREDITADA,False,False,2024,Ley 21.091,False,True
IP EATRI,INST-00099-06-00,INSTITUTO PROFESIONAL,INSTITUTO PROFESIONAL EATRI,No,,No,No,No,No,No,Si,Si,Si,No,ACREDITADA,BÁSICO,3,2026-02-26,2029-02-26,CNA-CHILE,26/02/2026,COMISIÓN NACIONAL DE ACREDITACION DE CHILE,ACREDITADA,3,26/02/2026,26/02/2029,,,,,,,,,,,,,ACREDITADA,False,False,2026,Ley 21.091,False,True
IP ESCUELA DE CINE DE CHILE,INST-00149-01-00,INSTITUTO PROFESIONAL,INSTITUTO PROFESIONAL ESCUELA DE CINE DE CHILE,No,,No,No,No,No,No,No,No,No,No,NO ACREDITADA,,,,,CNA-CHILE,13/09/2023,COMISIÓN NACIONAL DE ACREDITACION DE CHILE,NO ACREDITADA,,,,06/03/2024,COMISIÓN NACIONAL DE ACREDITACION DE CHILE,NO ACOGE,0,,,,,,,,,NO ACREDITADA,False,False,,Ley 21.091,False,False
IP ESCUELA DE COMERCIO DE SANTIAGO,INST-00148-01-00,INSTITUTO PROFESIONAL,INSTITUTO PROFESIONAL ESCUELA DE COMERCIO DE SANTIAGO,Si,,Si,Si,No,No,No,No,No,No,No,ACREDITADA,BÁSICO,3,2023-07-05,2026-07-05,,05/07/2023,COMISIÓN NACIONAL DE ACREDITACION DE CHILE,ACREDITADA,3,05/07/2023,05/07/2026,08/11/2023,COMISIÓN NACIONAL DE ACREDITACION DE CHILE,NO ACOGE,3,05/07/2023,05/07/2026,,,,,,,ACREDITADA<br/> (EN PROCESO),True,True,2023,Ley 21.091,False,False
IP ESCUELA DE CONTADORES AUDITORES DE SANTIAGO,INST-00089-05-00,INSTITUTO PROFESIONAL,INSTITUTO PROFESIONAL ESCUELA DE CONTADORES AUDITORES DE SANTIAGO,No,,Si,Si,No,No,No,No,No,No,No,ACREDITADA,AVANZADO,4,2023-08-29,2027-08-29,CNA-CHILE,23/08/2023,COMISIÓN NACIONAL DE ACREDITACION DE CHILE,ACREDITADA,4,29/08/2023,29/08/2027,29/02/2024,COMISIÓN NACIONAL DE ACREDITACION DE CHILE,NO ACOGE,4,29/08/2023,29/08/2027,,,,,,,ACREDITADA,False,False,2023,Ley 21.091,False,True
IP ESCUELA DE MARINA MERCANTE PILOTO PARDO,INST-00152-01-00,INSTITUTO PROFESIONAL,INSTITUTO PROFESIONAL ESCUELA DE MARINA MERCANTE PILOTO PARDO,No,,No,No,No,No,No,No,No,No,No,NO ACREDITADA,,,,,,,,,,,,,,,,,,,,,,,,NO ACREDITADA<br/> (EN PROCESO),True,False,,Ley 21.091,False,False
IP ESCUELA MODERNA DE MUSICA,INST-00082-05-00,INSTITUTO PROFESIONAL,INSTITUTO PROFESIONAL ESCUELA MODERNA DE MÚSICA,No,,Si,Si,No,No,No,No,No,No,No,ACREDITADA,AVANZADO,5,2021-10-21,2026-10-21,CNA-CHILE,21/10/2021,COMISIÓN NACIONAL DE ACREDITACION DE CHILE,ACREDITADA,5,21/10/2021,21/10/2026,,,,,,,,,,,,,ACREDITADA,False,False,2021,Ley 21.091,False,True
IP ESUCOMEX,INST-00093-04-00,INSTITUTO PROFESIONAL,INSTITUTO PROFESIONAL ESUCOMEX,No,,No,No,No,No,No,No,No,No,No,NO ACREDITADA,,5,2018-12-21,2023-12-21,,05/12/2018,COMISIÓN NACIONAL DE ACREDITACION DE CHILE,ACREDITADA,5,21/12/2018,21/12/2023,,,,,,,,,,,,,NO ACREDITADA,False,True,2018,Ley 21.091,False,False
IP GALDAMEZ IPG,INST-00111-04-00,INSTITUTO PROFESIONAL,"INSTITUTO PROFESIONAL GALDÁMEZ, IPG",Si,,Si,Si,No,No,No,No,No,No,No,ACREDITADA,AVANZADO,4,2021-09-22,2025-09-22,,22/09/2021,COMISIÓN NACIONAL DE ACREDITACION DE CHILE,ACREDITADA,4,22/09/2021,22/09/2025,,,,,,,,,,,,,ACREDITADA<br/> (EN PROCESO),True,True,2021,Ley 21.091,False,False
IP GUILLERMO SUBERCASEAUX,INST-00019-05-00,INSTITUTO PROFESIONAL,INSTITUTO PROFESIONAL GUILLERMO SUBERCASEAUX,No,,No,No,No,No,No,No,No,No,No,NO ACREDITADA,,5,2017-12-17,2022-12-17,,22/11/2017,COMISIÓN NACIONAL DE ACREDITACION DE CHILE,ACREDITADA,5,17/12/2017,17/12/2022,09/05/2018,COMISIÓN NACIONAL DE ACREDITACION DE CHILE,ACOGE,,,,,,,,,,NO ACREDITADA,False,True,2017,Ley 21.091,False,False
IP INACAP,INST-00020-04-00,INSTITUTO PROFESIONAL,INSTITUTO PROFESIONAL INACAP,No,,Si,Si,No,Si,No,No,No,No,No,ACREDITADA,DE EXCELENCIA,7,2023-09-06,2030-09-06,CNA-CHILE,06/09/2023,COMISIÓN NACIONAL DE ACREDITACION DE CHILE,ACREDITADA,7,06/09/2023,06/09/2030,,,,,,,,,,,,,ACREDITADA,False,False,2023,Ley 21.091,False,True
IP INCACEA,INST-00095-01-00,INSTITUTO PROFESIONAL,INSTITUTO PROFESIONAL INCACEA,No,,No,No,No,No,No,No,No,No,No,NO ACREDITADA,,,,,CNA-CHILE,04/01/2012,COMISIÓN NACIONAL DE ACREDITACION DE CHILE,NO ACREDITADA,,,,,,,,,,,,,,,,NO ACREDITADA,False,False,,Ley 21.091,False,False
IP LATINOAMERICANO DE COMERCIO EXTERIOR IPLACEX,INST-00121-03-00,INSTITUTO PROFESIONAL,"INSTITUTO PROFESIONAL LATINOAMERICANO DE COMERCIO EXTERIOR, IPLACEX",No,,No,No,No,No,No,Si,Si,Si,Si,ACREDITADA,AVANZADO,4,2026-01-14,2030-01-14,CNA-CHILE,14/01/2026,COMISIÓN NACIONAL DE ACREDITACION DE CHILE,ACREDITADA,4,14/01/2026,14/01/2030,,,,,,,,,,,,,ACREDITADA,False,False,2026,Ley 21.091,False,True
IP LIBERTADOR DE LOS ANDES,INST-00136-01-00,INSTITUTO PROFESIONAL,INSTITUTO PROFESIONAL LIBERTADOR DE LOS ANDES,No,,No,No,No,No,No,No,No,No,No,NO ACREDITADA,,,,,CNA-CHILE,28/09/2022,COMISIÓN NACIONAL DE ACREDITACION DE CHILE,NO ACREDITADA,,,,23/02/2023,COMISIÓN NACIONAL DE ACREDITACION DE CHILE,NO ACOGE,0,,,19/07/2023,CONSEJO NACIONAL DE EDUCACIÓN,NO ACOGE,0,,,NO ACREDITADA,False,False,,Ley 21.091,False,False
IP LOS LAGOS,INST-00106-02-00,INSTITUTO PROFESIONAL,INSTITUTO PROFESIONAL LOS LAGOS,No,,No,No,No,No,No,No,No,No,No,NO ACREDITADA,,,,,CNA-CHILE,08/03/2023,COMISIÓN NACIONAL DE ACREDITACION DE CHILE,NO ACREDITADA,,,,22/06/2023,COMISIÓN NACIONAL DE ACREDITACION DE CHILE,NO ACOGE,0,,,,,,,,,NO ACREDITADA,False,False,,Ley 21.091,False,False
IP LOS LEONES,INST-00022-06-00,INSTITUTO PROFESIONAL,INSTITUTO PROFESIONAL LOS LEONES,No,,Si,Si,No,No,No,No,No,No,No,ACREDITADA,BÁSICO,3,2024-11-20,2027-11-20,CNED,08/11/2023,COMISIÓN NACIONAL DE ACREDITACION DE CHILE,NO ACREDITADA,,,,09/05/2024,COMISIÓN NACIONAL DE ACREDITACION DE CHILE,NO ACOGE,,,,20/11/2024,CONSEJO NACIONAL DE EDUCACIÓN,ACOGE,3,20/11/2024,20/11/2027,ACREDITADA,False,False,2024,Ley 21.091,False,True
IP PROJAZZ,INST-00141-01-00,INSTITUTO PROFESIONAL,INSTITUTO PROFESIONAL PROJAZZ,No,,Si,Si,No,No,No,No,No,No,No,ACREDITADA,AVANZADO,4,2023-06-07,2027-06-07,CNA-CHILE,07/06/2023,COMISIÓN NACIONAL DE ACREDITACION DE CHILE,ACREDITADA,4,07/06/2023,07/06/2027,,,,,,,,,,,,,ACREDITADA,False,False,2023,Ley 21.091,False,True
IP PROVIDENCIA,INST-00023-05-00,INSTITUTO PROFESIONAL,INSTITUTO PROFESIONAL PROVIDENCIA,No,,No,No,No,No,No,Si,Si,Si,No,ACREDITADA,AVANZADO,4,2025-12-17,2029-12-17,CNA-CHILE,17/12/2025,COMISIÓN NACIONAL DE ACREDITACION DE CHILE,ACREDITADA,4,17/12/2025,17/12/2029,08/07/2026,COMISIÓN NACIONAL DE ACREDITACION DE CHILE,ACOGE,4,17/12/2025,17/12/2029,,,,,,,ACREDITADA,False,False,2025,Ley 21.091,False,True
IP SAN SEBASTIAN,INST-00103-05-00,INSTITUTO PROFESIONAL,INSTITUTO PROFESIONAL SAN SEBASTIÁN,No,,No,No,No,No,No,Si,Si,Si,No,ACREDITADA,AVANZADO,4,2025-09-25,2029-09-25,CNA-CHILE,25/09/2025,COMISIÓN NACIONAL DE ACREDITACION DE CHILE,ACREDITADA,4,25/09/2025,25/09/2029,,,,,,,,,,,,,ACREDITADA,False,False,2025,Ley 21.091,False,True
IP SANTO TOMAS,INST-00024-06-00,INSTITUTO PROFESIONAL,INSTITUTO PROFESIONAL SANTO TOMÁS,Si,,Si,Si,No,No,No,No,No,No,No,ACREDITADA,AVANZADO,5,2021-01-20,2026-01-20,,20/01/2021,COMISIÓN NACIONAL DE ACREDITACION DE CHILE,ACREDITADA,5,20/01/2021,20/01/2026,,,,,,,,,,,,,ACREDITADA<br/> (EN PROCESO),True,True,2021,Ley 21.091,False,False
IP VALLE CENTRAL,INST-00086-04-00,INSTITUTO PROFESIONAL,INSTITUTO PROFESIONAL VALLE CENTRAL,No,,No,No,No,No,No,No,No,No,No,NO ACREDITADA,,,,,CNA-CHILE,19/07/2023,COMISIÓN NACIONAL DE ACREDITACION DE CHILE,NO ACREDITADA,,,,,,,,,,,,,,,,NO ACREDITADA,False,False,,Ley 21.091,False,False
IP VIRGINIO GOMEZ,INST-00025-06-00,INSTITUTO PROFESIONAL,INSTITUTO PROFESIONAL VIRGINIO GÓMEZ,No,,No,No,No,No,No,Si,Si,Si,No,ACREDITADA,AVANZADO,5,2025-10-15,2030-10-15,CNA-CHILE,15/10/2025,COMISIÓN NACIONAL DE ACREDITACION DE CHILE,ACREDITADA,5,15/10/2025,15/10/2030,22/04/2026,COMISIÓN NACIONAL DE ACREDITACION DE CHILE,ACOGE,5,15/10/2025,15/10/2030,,,,,,,ACREDITADA,False,False,2025,Ley 21.091,False,True
U ACADEMIA DE HUMANISMO CRISTIANO,INST-00028-06-00,UNIVERSIDAD,UNIVERSIDAD ACADEMIA DE HUMANISMO CRISTIANO,No,,Si,Si,No,Si,No,No,No,No,No,ACREDITADA,AVANZADO,4,2022-08-10,2026-08-10,CNA-CHILE,10/08/2022,COMISIÓN NACIONAL DE ACREDITACION DE CHILE,ACREDITADA,4,10/08/2022,10/08/2026,15/03/2023,COMISIÓN NACIONAL DE ACREDITACION DE CHILE,NO ACOGE,4,10/08/2022,10/08/2026,,,,,,,ACREDITADA,False,False,2022,Ley 21.091,False,True
U ACONCAGUA,INST-00146-02-00,UNIVERSIDAD,UNIVERSIDAD DE ACONCAGUA,No,,No,No,No,No,No,No,No,No,No,NO ACREDITADA,,,,,,,,,,,,,,,,,,,,,,,,NO ACREDITADA,False,False,,Ley 21.091,False,False
U ADOLFO IBANEZ,INST-00029-04-00,UNIVERSIDAD,UNIVERSIDAD ADOLFO IBÁÑEZ,No,,Si,Si,Si,Si,Si,No,No,No,No,ACREDITADA,DE EXCELENCIA,6,2021-10-14,2027-10-14,CNA-CHILE,14/10/2021,COMISIÓN NACIONAL DE ACREDITACION DE CHILE,ACREDITADA,6,14/10/2021,14/10/2027,,,,,,,,,,,,,ACREDITADA,False,False,2021,Ley 21.091,False,True
U ADVENTISTA DE CHILE,INST-00030-06-00,UNIVERSIDAD,UNIVERSIDAD ADVENTISTA DE CHILE,Si,,Si,Si,No,Si,No,No,No,No,No,ACREDITADA,BÁSICO,3,2023-04-11,2026-04-11,,11/01/2023,COMISIÓN NACIONAL DE ACREDITACION DE CHILE,ACREDITADA,3,11/04/2023,11/04/2026,13/07/2023,COMISIÓN NACIONAL DE ACREDITACION DE CHILE,NO ACOGE,3,11/04/2023,11/04/2026,,,,,,,ACREDITADA<br/> (EN PROCESO),True,True,2023,Ley 21.091,False,False
U ALBA,INST-00072-06-00,UNIVERSIDAD,UNIVERSIDAD DEL ALBA,Si,,Si,Si,No,No,No,No,No,No,No,ACREDITADA,BÁSICO,3,2023-03-22,2026-03-22,,22/03/2023,COMISIÓN NACIONAL DE ACREDITACION DE CHILE,ACREDITADA,3,22/03/2023,22/03/2026,14/09/2023,COMISIÓN NACIONAL DE ACREDITACION DE CHILE,NO ACOGE,3,22/03/2023,22/03/2026,,,,,,,ACREDITADA<br/> (EN PROCESO),True,True,2023,Ley 21.091,False,False
U ALBERTO HURTADO,INST-00031-05-00,UNIVERSIDAD,UNIVERSIDAD ALBERTO HURTADO,No,,No,No,No,No,No,Si,Si,Si,Si,ACREDITADA,AVANZADO,5,2025-06-26,2030-06-26,CNA-CHILE,26/06/2025,COMISIÓN NACIONAL DE ACREDITACION DE CHILE,ACREDITADA,5,26/06/2025,26/06/2030,05/11/2025,COMISIÓN NACIONAL DE ACREDITACION DE CHILE,ACOGE,5,26/06/2025,26/06/2030,,,,,,,ACREDITADA,False,False,2025,Ley 21.091,False,True
U ANDRES BELLO,INST-00032-05-00,UNIVERSIDAD,UNIVERSIDAD ANDRÉS BELLO,No,,Si,Si,Si,Si,Si,No,No,No,No,ACREDITADA,DE EXCELENCIA,6,2022-12-25,2028-12-25,CNA-CHILE,10/11/2022,COMISIÓN NACIONAL DE ACREDITACION DE CHILE,ACREDITADA,6,25/12/2022,25/12/2028,,,,,,,,,,,,,ACREDITADA,False,False,2022,Ley 21.091,False,True
U ANTOFAGASTA,INST-00045-05-00,UNIVERSIDAD,UNIVERSIDAD DE ANTOFAGASTA,No,,Si,Si,Si,Si,Si,No,No,No,No,ACREDITADA,AVANZADO,5,2022-09-07,2027-09-07,CNA-CHILE,07/09/2022,COMISIÓN NACIONAL DE ACREDITACION DE CHILE,ACREDITADA,5,07/09/2022,07/09/2027,,,,,,,,,,,,,ACREDITADA,False,False,2022,Ley 21.091,False,True
U ARTE Y CIENCIAS SOCIALES ARCIS,INST-00046-03-00,UNIVERSIDAD,UNIVERSIDAD DE ARTE Y CIENCIAS SOCIALES ARCIS,No,,No,No,No,No,No,No,No,No,No,NO ACREDITADA,,2,2012-11-28,2014-11-28,,28/11/2012,COMISIÓN NACIONAL DE ACREDITACION DE CHILE,ACREDITADA,2,28/11/2012,28/11/2014,10/04/2013,COMISIÓN NACIONAL DE ACREDITACION DE CHILE,NO ACOGE,,,,,,,,,,NO ACREDITADA,False,True,2012,Ley 20.129 (régimen anterior),False,False
U ARTES CIENCIAS Y COMUNICACION UNIACC,INST-00047-05-00,UNIVERSIDAD,"UNIVERSIDAD DE ARTES, CIENCIAS Y COMUNICACIÓN UNIACC",No,,Si,Si,No,No,No,No,No,No,No,ACREDITADA,BÁSICO,3,2023-08-09,2026-08-09,CNA-CHILE,09/08/2023,COMISIÓN NACIONAL DE ACREDITACION DE CHILE,ACREDITADA,3,09/08/2023,09/08/2026,,,,,,,,,,,,,ACREDITADA<br/> (EN PROCESO),True,False,2023,Ley 21.091,False,True
U ARTURO PRAT,INST-00033-08-00,UNIVERSIDAD,UNIVERSIDAD ARTURO PRAT,No,,Si,Si,No,Si,No,No,No,No,No,ACREDITADA,AVANZADO,5,2022-07-06,2027-07-06,CNA-CHILE,06/07/2022,COMISIÓN NACIONAL DE ACREDITACION DE CHILE,ACREDITADA,5,06/07/2022,06/07/2027,,,,,,,,,,,,,ACREDITADA,False,False,2022,Ley 21.091,False,True
U ATACAMA,INST-00048-07-00,UNIVERSIDAD,UNIVERSIDAD DE ATACAMA,No,,No,No,No,No,No,Si,Si,Si,Si,ACREDITADA,AVANZADO,5,2026-04-01,2031-04-01,CNA-CHILE,01/04/2026,COMISIÓN NACIONAL DE ACREDITACION DE CHILE,ACREDITADA,5,01/04/2026,01/04/2031,,,,,,,,,,,,,ACREDITADA,False,False,2026,Ley 21.091,False,True
U AUSTRAL DE CHILE,INST-00034-04-00,UNIVERSIDAD,UNIVERSIDAD AUSTRAL DE CHILE,No,,Si,Si,Si,Si,Si,No,No,No,No,ACREDITADA,DE EXCELENCIA,6,2022-09-14,2028-09-14,CNA-CHILE,14/09/2022,COMISIÓN NACIONAL DE ACREDITACION DE CHILE,ACREDITADA,6,14/09/2022,14/09/2028,08/03/2023,COMISIÓN NACIONAL DE ACREDITACION DE CHILE,NO ACOGE,6,14/09/2022,14/09/2028,,,,,,,ACREDITADA,False,False,2022,Ley 21.091,False,True
U AUTONOMA DE CHILE,INST-00035-05-00,UNIVERSIDAD,UNIVERSIDAD AUTÓNOMA DE CHILE,No,,No,No,No,No,No,Si,Si,Si,Si,ACREDITADA,AVANZADO,5,2025-08-13,2030-08-13,CNA-CHILE,13/08/2025,COMISIÓN NACIONAL DE ACREDITACION DE CHILE,ACREDITADA,5,13/08/2025,13/08/2030,14/01/2026,COMISIÓN NACIONAL DE ACREDITACION DE CHILE,NO ACOGE,5,13/08/2025,13/08/2030,,,,,,,ACREDITADA,False,False,2025,Ley 21.091,False,True
U AYSEN,INST-00143-01-00,UNIVERSIDAD,UNIVERSIDAD DE AYSÉN,Si,,Si,Si,No,No,No,No,No,No,No,ACREDITADA,BÁSICO,3,2023-04-12,2026-04-12,,12/04/2023,COMISIÓN NACIONAL DE ACREDITACION DE CHILE,ACREDITADA,3,12/04/2023,12/04/2026,,,,,,,,,,,,,ACREDITADA<br/> (EN PROCESO),True,True,2023,Ley 21.091,False,False
U BERNARDO O HIGGINS,INST-00036-06-00,UNIVERSIDAD,UNIVERSIDAD BERNARDO O HIGGINS,No,,Si,Si,No,Si,No,No,No,No,No,ACREDITADA,AVANZADO,5,2022-11-09,2027-11-09,CNED,09/11/2022,COMISIÓN NACIONAL DE ACREDITACION DE CHILE,ACREDITADA,5,09/11/2022,11/11/2027,15/03/2023,COMISIÓN NACIONAL DE ACREDITACION DE CHILE,NO ACOGE,4,09/11/2022,09/11/2026,02/04/2025,CONSEJO NACIONAL DE EDUCACIÓN,ACOGE,5,09/11/2022,09/11/2027,ACREDITADA,False,False,2022,Ley 21.091,False,True
U BIO BIO,INST-00064-06-00,UNIVERSIDAD,UNIVERSIDAD DEL BÍO-BÍO,No,,No,No,No,No,No,Si,Si,Si,Si,ACREDITADA,AVANZADO,5,2025-01-15,2030-01-15,CNA-CHILE,15/01/2025,COMISIÓN NACIONAL DE ACREDITACION DE CHILE,ACREDITADA,5,15/01/2025,15/01/2030,30/09/2025,COMISIÓN NACIONAL DE ACREDITACION DE CHILE,NO ACOGE,5,15/01/2025,15/01/2030,,,,,,,ACREDITADA,False,False,2025,Ley 21.091,False,True
U BOLIVARIANA,INST-00037-02-00,UNIVERSIDAD,UNIVERSIDAD BOLIVARIANA,No,,No,No,No,No,No,No,No,No,No,NO ACREDITADA,,,,,CNA-CHILE,15/10/2025,COMISIÓN NACIONAL DE ACREDITACION DE CHILE,NO ACREDITADA,,,,,COMISIÓN NACIONAL DE ACREDITACION DE CHILE,NO ACOGE,0,,,,,,,,,NO ACREDITADA,False,False,,Ley 21.091,False,False
U CATOLICA DE CHILE,INST-00026-03-00,UNIVERSIDAD,PONTIFICIA UNIVERSIDAD CATÓLICA DE CHILE,Si,,Si,Si,Si,Si,Si,No,No,No,No,ACREDITADA,DE EXCELENCIA,7,2018-12-01,2025-12-01,,24/10/2018,COMISIÓN NACIONAL DE ACREDITACION DE CHILE,ACREDITADA,7,01/12/2018,01/12/2025,,,,,,,,,,,,,ACREDITADA<br/> (EN PROCESO),True,True,2018,Ley 21.091,True,False
U CATOLICA DE LA SANTISIMA CONCEPCION,INST-00039-05-00,UNIVERSIDAD,UNIVERSIDAD CATÓLICA DE LA SANTÍSIMA CONCEPCIÓN,Si,,Si,Si,Si,Si,No,No,No,No,No,ACREDITADA,AVANZADO,5,2021-03-03,2026-03-03,,03/03/2021,COMISIÓN NACIONAL DE ACREDITACION DE CHILE,ACREDITADA,5,03/03/2021,03/03/2026,26/05/2021,COMISIÓN NACIONAL DE ACREDITACION DE CHILE,NO ACOGE,5,03/03/2021,03/03/2026,,,,,,,ACREDITADA<br/> (EN PROCESO),True,True,2021,Ley 21.091,False,False
U CATOLICA DE TEMUCO,INST-00040-05-00,UNIVERSIDAD,UNIVERSIDAD CATÓLICA DE TEMUCO,No,,No,No,No,No,No,Si,Si,Si,Si,ACREDITADA,AVANZADO,5,2024-11-13,2029-11-13,CNA-CHILE,13/11/2024,COMISIÓN NACIONAL DE ACREDITACION DE CHILE,ACREDITADA,5,13/11/2024,13/11/2029,14/05/2025,COMISIÓN NACIONAL DE ACREDITACION DE CHILE,NO ACOGE,5,13/11/2024,13/11/2029,,,,,,,ACREDITADA,False,False,2024,Ley 21.091,False,True
U CATOLICA DE VALPARAISO,INST-00027-04-00,UNIVERSIDAD,PONTIFICIA UNIVERSIDAD CATÓLICA DE VALPARAÍSO,No,,Si,Si,Si,Si,Si,No,No,No,No,ACREDITADA,DE EXCELENCIA,7,2022-01-19,2029-01-19,CNA-CHILE,19/01/2022,COMISIÓN NACIONAL DE ACREDITACION DE CHILE,ACREDITADA,7,19/01/2022,19/01/2029,,,,,,,,,,,,,ACREDITADA,False,False,2022,Ley 21.091,False,True
U CATOLICA DEL MAULE,INST-00041-04-00,UNIVERSIDAD,UNIVERSIDAD CATÓLICA DEL MAULE,Si,,Si,Si,Si,Si,No,No,No,No,No,ACREDITADA,AVANZADO,5,2021-01-20,2026-01-20,,20/01/2021,COMISIÓN NACIONAL DE ACREDITACION DE CHILE,ACREDITADA,5,20/01/2021,20/01/2026,,,,,,,,,,,,,ACREDITADA<br/> (EN PROCESO),True,True,2021,Ley 21.091,False,False
U CATOLICA DEL NORTE,INST-00042-04-00,UNIVERSIDAD,UNIVERSIDAD CATÓLICA DEL NORTE,No,,Si,Si,Si,Si,Si,No,No,No,No,ACREDITADA,DE EXCELENCIA,6,2022-11-26,2028-11-26,CNA-CHILE,17/11/2022,COMISIÓN NACIONAL DE ACREDITACION DE CHILE,ACREDITADA,6,26/11/2022,26/11/2028,,,,,,,,,,,,,ACREDITADA,False,False,2022,Ley 21.091,False,True
U CATOLICA SILVA HENRIQUEZ,INST-00038-06-00,UNIVERSIDAD,UNIVERSIDAD CATÓLICA SILVA HENRÍQUEZ,No,,No,No,No,No,No,Si,Si,Si,Si,ACREDITADA,AVANZADO,4,2026-07-09,2030-07-09,CNA-CHILE,09/07/2026,COMISIÓN NACIONAL DE ACREDITACION DE CHILE,ACREDITADA,4,09/07/2026,09/07/2030,,,,,,,,,,,,,ACREDITADA,False,False,2026,Ley 21.091,False,True
U CENTRAL DE CHILE,INST-00044-06-00,UNIVERSIDAD,UNIVERSIDAD CENTRAL DE CHILE,No,,Si,Si,No,Si,No,No,No,No,No,ACREDITADA,AVANZADO,5,2022-01-13,2027-01-13,CNED,13/01/2022,CONSEJO NACIONAL DE EDUCACIÓN,ACREDITADA,4,13/01/2022,13/01/2026,20/07/2022,COMISIÓN NACIONAL DE ACREDITACION DE CHILE,NO ACOGE,4,13/01/2022,13/01/2026,03/04/2024,CONSEJO NACIONAL DE EDUCACIÓN,ACOGE,5,13/01/2022,13/01/2027,ACREDITADA,False,False,2022,Ley 21.091,False,True
U CHILE,INST-00049-04-00,UNIVERSIDAD,UNIVERSIDAD DE CHILE,No,,No,No,No,No,No,Si,Si,Si,Si,ACREDITADA,DE EXCELENCIA,7,2025-12-23,2032-12-23,CNA-CHILE,10/12/2025,COMISIÓN NACIONAL DE ACREDITACION DE CHILE,ACREDITADA,7,23/12/2025,23/12/2032,,,,,,,,,,,,,ACREDITADA,False,False,2025,Ley 21.091,False,True
U CONCEPCION,INST-00051-04-00,UNIVERSIDAD,UNIVERSIDAD DE CONCEPCIÓN,No,,Si,Si,Si,Si,Si,No,No,No,No,ACREDITADA,DE EXCELENCIA,7,2023-11-22,2030-11-22,CNA-CHILE,22/11/2023,COMISIÓN NACIONAL DE ACREDITACION DE CHILE,ACREDITADA,7,22/11/2023,22/11/2030,16/05/2024,COMISIÓN NACIONAL DE ACREDITACION DE CHILE,ACOGE,7,22/11/2023,22/11/2030,,,,,,,ACREDITADA,False,False,2023,Ley 21.091,False,True
U DESARROLLO,INST-00065-04-00,UNIVERSIDAD,UNIVERSIDAD DEL DESARROLLO,No,,Si,Si,Si,Si,Si,No,No,No,No,ACREDITADA,DE EXCELENCIA,6,2021-12-17,2027-12-17,CNA-CHILE,23/09/2021,COMISIÓN NACIONAL DE ACREDITACION DE CHILE,ACREDITADA,6,17/12/2021,17/12/2027,,,,,,,,,,,,,ACREDITADA,False,False,2021,Ley 21.091,False,True
U DIEGO PORTALES,INST-00068-05-00,UNIVERSIDAD,UNIVERSIDAD DIEGO PORTALES,No,,Si,Si,Si,Si,Si,No,No,No,No,ACREDITADA,DE EXCELENCIA,6,2023-11-15,2029-11-15,CNA-CHILE,15/11/2023,COMISIÓN NACIONAL DE ACREDITACION DE CHILE,ACREDITADA,6,15/11/2023,15/11/2029,09/05/2024,COMISIÓN NACIONAL DE ACREDITACION DE CHILE,NO ACOGE,6,15/11/2023,15/11/2029,03/12/2025,CONSEJO NACIONAL DE EDUCACIÓN,NO ACOGE,6,15/11/2023,15/11/2029,ACREDITADA,False,False,2023,Ley 21.091,False,True
U FINIS TERRAE,INST-00069-06-00,UNIVERSIDAD,UNIVERSIDAD FINIS TERRAE,No,,Si,Si,Si,Si,No,No,No,No,No,ACREDITADA,AVANZADO,5,2024-02-29,2029-03-01,CNA-CHILE,29/02/2024,COMISIÓN NACIONAL DE ACREDITACION DE CHILE,ACREDITADA,5,29/02/2024,01/03/2029,,,,,,,,,,,,,ACREDITADA,False,False,2024,Ley 21.091,False,True
U FRONTERA,INST-00052-05-00,UNIVERSIDAD,UNIVERSIDAD DE LA FRONTERA,No,,No,No,No,No,No,Si,Si,Si,Si,ACREDITADA,AVANZADO,5,2025-09-03,2030-09-03,CNA-CHILE,03/09/2025,COMISIÓN NACIONAL DE ACREDITACION DE CHILE,ACREDITADA,5,03/09/2025,03/09/2030,19/11/2025,COMISIÓN NACIONAL DE ACREDITACION DE CHILE,NO ACOGE,5,03/09/2025,03/09/2030,,,,,,,ACREDITADA,False,False,2025,Ley 21.091,False,True
U GABRIELA MISTRAL,INST-00092-06-00,UNIVERSIDAD,UNIVERSIDAD GABRIELA MISTRAL,No,,No,No,No,No,No,Si,Si,Si,No,ACREDITADA,AVANZADO,4,2025-09-24,2029-09-24,CNA-CHILE,24/09/2025,COMISIÓN NACIONAL DE ACREDITACION DE CHILE,ACREDITADA,4,24/09/2025,24/09/2029,,,,,,,,,,,,,ACREDITADA,False,False,2025,Ley 21.091,False,True
U IBEROAMERICANA DE CIENCIAS Y TECNOLOGIA UNICIT,INST-00070-06-00,UNIVERSIDAD,UNIVERSIDAD IBEROAMERICANA DE CIENCIAS Y TECNOLOGÍA UNICIT,No,,No,No,No,No,No,No,No,No,No,NO ACREDITADA,,2,2016-10-26,2018-10-26,,26/10/2016,COMISIÓN NACIONAL DE ACREDITACION DE CHILE,ACREDITADA,2,26/10/2016,26/10/2018,,,,,,,,,,,,,NO ACREDITADA,False,True,2016,Ley 20.129 (régimen anterior),False,False
U LAS AMERICAS,INST-00054-06-00,UNIVERSIDAD,UNIVERSIDAD DE LAS AMÉRICAS,No,,Si,Si,No,Si,No,No,No,No,No,ACREDITADA,AVANZADO,5,2023-03-18,2028-03-18,CNA-CHILE,18/01/2023,COMISIÓN NACIONAL DE ACREDITACION DE CHILE,ACREDITADA,5,18/03/2023,18/03/2028,,,,,,,,,,,,,ACREDITADA,False,False,2023,Ley 21.091,False,True
U LOS ANDES,INST-00055-04-00,UNIVERSIDAD,UNIVERSIDAD DE LOS ANDES,No,,Si,Si,Si,Si,Si,No,No,No,No,ACREDITADA,DE EXCELENCIA,6,2022-12-14,2028-12-14,CNA-CHILE,14/12/2022,COMISIÓN NACIONAL DE ACREDITACION DE CHILE,ACREDITADA,6,14/12/2022,14/12/2028,06/09/2023,COMISIÓN NACIONAL DE ACREDITACION DE CHILE,ACOGE,6,14/12/2022,14/12/2028,,,,,,,ACREDITADA,False,False,2022,Ley 21.091,False,True
U LOS LAGOS,INST-00056-06-00,UNIVERSIDAD,UNIVERSIDAD DE LOS LAGOS,No,,Si,Si,Si,Si,No,No,No,No,No,ACREDITADA,AVANZADO,5,2021-09-09,2026-09-09,CNA-CHILE,09/09/2021,COMISIÓN NACIONAL DE ACREDITACION DE CHILE,ACREDITADA,5,09/09/2021,09/09/2026,,,,,,,,,,,,,ACREDITADA,False,False,2021,Ley 21.091,False,True
U LOS LEONES,INST-10001-01-00,UNIVERSIDAD,UNIVERSIDAD LOS LEONES,No,,No,No,No,No,No,No,No,No,No,NO ACREDITADA,,,,,CNA-CHILE,27/09/2021,COMISIÓN NACIONAL DE ACREDITACION DE CHILE,,,,,,,,,,,,,,,,,NO ACREDITADA,False,False,,Ley 21.091,False,False
U MAGALLANES,INST-00057-07-00,UNIVERSIDAD,UNIVERSIDAD DE MAGALLANES,No,,Si,Si,Si,Si,No,No,No,No,No,ACREDITADA,AVANZADO,5,2023-12-31,2028-12-31,CNA-CHILE,20/12/2023,COMISIÓN NACIONAL DE ACREDITACION DE CHILE,ACREDITADA,5,31/12/2023,31/12/2028,,,,,,,,,,,,,ACREDITADA,False,False,2023,Ley 21.091,False,True
U MAR,INST-00066-03-00,UNIVERSIDAD,UNIVERSIDAD DEL MAR,No,,No,No,No,No,No,No,No,No,No,NO ACREDITADA,,2,2010-12-01,2012-12-01,,01/12/2010,COMISIÓN NACIONAL DE ACREDITACION DE CHILE,ACREDITADA,2,01/12/2010,01/12/2012,,,,,,,,,,,,,NO ACREDITADA,False,True,2010,Ley 20.129 (régimen anterior),False,False
U MAYOR,INST-00081-04-00,UNIVERSIDAD,UNIVERSIDAD MAYOR,No,,Si,Si,Si,Si,No,No,No,No,No,ACREDITADA,AVANZADO,5,2021-10-27,2026-10-27,CNA-CHILE,27/10/2021,COMISIÓN NACIONAL DE ACREDITACION DE CHILE,ACREDITADA,5,27/10/2021,27/10/2026,20/04/2022,COMISIÓN NACIONAL DE ACREDITACION DE CHILE,NO ACOGE,5,27/10/2021,27/10/2026,,,,,,,ACREDITADA,False,False,2021,Ley 21.091,False,True
U METROPOLITANA DE CIENCIAS DE LA EDUCACION,INST-00074-06-00,UNIVERSIDAD,UNIVERSIDAD METROPOLITANA DE CIENCIAS DE LA EDUCACIÓN,No,,Si,Si,No,Si,No,No,No,No,No,ACREDITADA,AVANZADO,4,2023-09-06,2027-09-06,CNA-CHILE,06/09/2023,COMISIÓN NACIONAL DE ACREDITACION DE CHILE,ACREDITADA,4,06/09/2023,06/09/2027,,,,,,,,,,,,,ACREDITADA,False,False,2023,Ley 21.091,False,True
U MIGUEL DE CERVANTES,INST-00120-03-00,UNIVERSIDAD,UNIVERSIDAD MIGUEL DE CERVANTES,No,,No,No,No,No,No,Si,Si,Si,No,ACREDITADA,BÁSICO,3,2025-10-23,2028-10-23,CNA-CHILE,23/10/2025,COMISIÓN NACIONAL DE ACREDITACION DE CHILE,ACREDITADA,3,23/10/2025,23/10/2028,06/05/2026,COMISIÓN NACIONAL DE ACREDITACION DE CHILE,NO ACOGE,3,23/10/2025,23/10/2028,,,,,,,ACREDITADA,False,False,2025,Ley 21.091,False,True
U O HIGGINS,INST-00128-01-00,UNIVERSIDAD,UNIVERSIDAD DE O HIGGINS,No,,Si,Si,Si,Si,No,No,No,No,No,ACREDITADA,AVANZADO,4,2023-04-19,2027-04-19,CNA-CHILE,19/04/2023,COMISIÓN NACIONAL DE ACREDITACION DE CHILE,ACREDITADA,4,19/04/2023,19/04/2027,14/09/2023,COMISIÓN NACIONAL DE ACREDITACION DE CHILE,ACOGE,,,,,,,,,,ACREDITADA,False,False,2023,Ley 21.091,False,True
U PACIFICO,INST-00067-08-00,UNIVERSIDAD,UNIVERSIDAD DEL PACÍFICO,No,,No,No,No,No,No,No,No,No,No,NO ACREDITADA,,,,,CNA-CHILE,27/11/2018,COMISIÓN NACIONAL DE ACREDITACION DE CHILE,NO ACREDITADA,,,,,,,,,,,,,,,,NO ACREDITADA,False,False,,Ley 21.091,False,False
U PLAYA ANCHA DE CIENCIAS DE LA EDUCACION,INST-00058-06-00,UNIVERSIDAD,UNIVERSIDAD DE PLAYA ANCHA DE CIENCIAS DE LA EDUCACIÓN,No,,Si,Si,No,Si,No,No,No,No,No,ACREDITADA,AVANZADO,5,2022-05-25,2027-05-25,CNA-CHILE,25/05/2022,COMISIÓN NACIONAL DE ACREDITACION DE CHILE,ACREDITADA,5,25/05/2022,25/05/2027,,,,,,,,,,,,,ACREDITADA,False,False,2022,Ley 21.091,False,True
U REPUBLICA,INST-00071-02-00,UNIVERSIDAD,UNIVERSIDAD LA REPÚBLICA,No,,No,No,No,No,No,No,No,No,No,NO ACREDITADA,,,,,CNA-CHILE,17/01/2024,COMISIÓN NACIONAL DE ACREDITACION DE CHILE,NO ACREDITADA,,,,17/04/2024,COMISIÓN NACIONAL DE ACREDITACION DE CHILE,NO ACOGE,0,,,14/08/2024,CONSEJO NACIONAL DE EDUCACIÓN,NO ACOGE,0,,,NO ACREDITADA,False,False,,Ley 21.091,False,False
U SAN SEBASTIAN,INST-00073-05-00,UNIVERSIDAD,UNIVERSIDAD SAN SEBASTIÁN,No,,Si,Si,No,Si,No,No,No,No,No,ACREDITADA,AVANZADO,5,2021-10-28,2026-10-28,CNA-CHILE,28/10/2021,COMISIÓN NACIONAL DE ACREDITACION DE CHILE,ACREDITADA,5,28/10/2021,28/10/2026,,,,,,,,,,,,,ACREDITADA,False,False,2021,Ley 21.091,False,True
U SANTIAGO DE CHILE,INST-00059-04-00,UNIVERSIDAD,UNIVERSIDAD DE SANTIAGO DE CHILE,No,,Si,Si,Si,Si,Si,No,No,No,No,ACREDITADA,DE EXCELENCIA,7,2021-02-25,2028-02-25,CNA-CHILE,25/02/2021,COMISIÓN NACIONAL DE ACREDITACION DE CHILE,ACREDITADA,7,25/02/2021,25/02/2028,,,,,,,,,,,,,ACREDITADA,False,False,2021,Ley 21.091,False,True
U SANTO TOMAS,INST-00080-07-00,UNIVERSIDAD,UNIVERSIDAD SANTO TOMÁS,No,,No,No,No,No,No,Si,Si,Si,No,ACREDITADA,AVANZADO,5,2025-12-10,2030-12-10,CNA-CHILE,10/12/2025,COMISIÓN NACIONAL DE ACREDITACION DE CHILE,ACREDITADA,4,10/12/2025,10/12/2029,02/07/2026,COMISIÓN NACIONAL DE ACREDITACION DE CHILE,ACOGE,5,10/12/2025,10/12/2030,,,,,,,ACREDITADA,False,False,2025,Ley 21.091,False,True
U SEK,INST-00084-06-00,UNIVERSIDAD,UNIVERSIDAD SEK,No,,No,No,No,No,No,Si,Si,Si,No,ACREDITADA,BÁSICO,3,2025-10-08,2028-10-08,CNED,04/12/2024,COMISIÓN NACIONAL DE ACREDITACION DE CHILE,NO ACREDITADA,,,,25/06/2025,COMISIÓN NACIONAL DE ACREDITACION DE CHILE,NO ACOGE,0,,,08/10/2025,CONSEJO NACIONAL DE EDUCACIÓN,ACOGE,3,08/10/2025,08/10/2028,ACREDITADA,False,False,2025,Ley 21.091,False,True
U SERENA,INST-00053-05-00,UNIVERSIDAD,UNIVERSIDAD DE LA SERENA,No,,Si,Si,Si,Si,No,No,No,No,No,ACREDITADA,AVANZADO,5,2021-11-03,2026-11-03,CNA-CHILE,03/11/2021,COMISIÓN NACIONAL DE ACREDITACION DE CHILE,ACREDITADA,5,03/11/2021,03/11/2026,25/05/2022,COMISIÓN NACIONAL DE ACREDITACION DE CHILE,ACOGE,5,03/11/2021,03/11/2026,,,,,,,ACREDITADA,False,False,2021,Ley 21.091,False,True
U TALCA,INST-00060-05-00,UNIVERSIDAD,UNIVERSIDAD DE TALCA,No,,No,No,No,No,No,Si,Si,Si,Si,ACREDITADA,DE EXCELENCIA,7,2026-06-11,2033-06-11,CNA-CHILE,11/06/2026,COMISIÓN NACIONAL DE ACREDITACION DE CHILE,ACREDITADA,7,11/06/2026,11/06/2033,,,,,,,,,,,,,ACREDITADA,False,False,2026,Ley 21.091,False,True
U TARAPACA,INST-00061-05-00,UNIVERSIDAD,UNIVERSIDAD DE TARAPACÁ,No,,Si,Si,Si,Si,Si,No,No,No,No,ACREDITADA,DE EXCELENCIA,6,2023-06-22,2029-06-22,CNA-CHILE,22/06/2023,COMISIÓN NACIONAL DE ACREDITACION DE CHILE,ACREDITADA,6,22/06/2023,22/06/2029,,,,,,,,,,,,,ACREDITADA,False,False,2023,Ley 21.091,False,True
U TECNICA FEDERICO SANTA MARIA,INST-00075-04-00,UNIVERSIDAD,UNIVERSIDAD TÉCNICA FEDERICO SANTA MARÍA,No,,Si,Si,Si,Si,Si,No,No,No,No,ACREDITADA,DE EXCELENCIA,6,2022-12-30,2028-12-30,CNA-CHILE,16/11/2022,COMISIÓN NACIONAL DE ACREDITACION DE CHILE,ACREDITADA,6,30/12/2022,30/12/2028,08/03/2023,COMISIÓN NACIONAL DE ACREDITACION DE CHILE,NO ACOGE,6,30/12/2022,30/12/2028,,,,,,,ACREDITADA,False,False,2022,Ley 21.091,False,True
U TECNOLOGICA DE CHILE INACAP,INST-00076-05-00,UNIVERSIDAD,UNIVERSIDAD TECNOLÓGICA DE CHILE INACAP,No,,No,No,No,No,No,No,No,No,No,NO ACREDITADA,,3,2018-11-27,2021-11-27,,31/10/2018,COMISIÓN NACIONAL DE ACREDITACION DE CHILE,ACREDITADA,2,27/11/2018,27/11/2020,30/05/2019,COMISIÓN NACIONAL DE ACREDITACION DE CHILE,ACOGE,3,27/11/2018,27/11/2021,,,,,,,NO ACREDITADA,False,True,2018,Ley 21.091,False,False
U TECNOLOGICA METROPOLITANA,INST-00077-08-00,UNIVERSIDAD,UNIVERSIDAD TECNOLÓGICA METROPOLITANA,No,,No,No,No,No,No,Si,Si,Si,Si,ACREDITADA,AVANZADO,4,2026-03-26,2030-03-26,CNA-CHILE,26/03/2026,COMISIÓN NACIONAL DE ACREDITACION DE CHILE,ACREDITADA,4,26/03/2026,26/03/2030,,,,,,,,,,,,,ACREDITADA,False,False,2026,Ley 21.091,False,True
U UCINF,INST-00050-03-00,UNIVERSIDAD,UNIVERSIDAD UCINF,No,,No,No,No,No,No,No,No,No,No,NO ACREDITADA,,,,,CNA-CHILE,12/12/2012,COMISIÓN NACIONAL DE ACREDITACION DE CHILE,NO ACREDITADA,,,,23/01/2013,COMISIÓN NACIONAL DE ACREDITACION DE CHILE,NO ACOGE,,,,,,,,,,NO ACREDITADA,False,False,,Ley 21.091,False,False
U VALPARAISO,INST-00062-05-00,UNIVERSIDAD,UNIVERSIDAD DE VALPARAÍSO,No,,Si,Si,Si,Si,Si,No,No,No,No,ACREDITADA,DE EXCELENCIA,6,2023-03-08,2029-03-08,CNA-CHILE,08/03/2023,COMISIÓN NACIONAL DE ACREDITACION DE CHILE,ACREDITADA,6,08/03/2023,08/03/2029,,,,,,,,,,,,,ACREDITADA,False,False,2023,Ley 21.091,False,True
U VINA DEL MAR,INST-00063-06-00,UNIVERSIDAD,UNIVERSIDAD VIÑA DEL MAR,No,,Si,Si,No,Si,No,No,No,No,No,ACREDITADA,AVANZADO,4,2023-01-04,2027-01-04,CNA-CHILE,04/01/2023,COMISIÓN NACIONAL DE ACREDITACION DE CHILE,ACREDITADA,4,04/01/2023,04/01/2027,,,,,,,,,,,,,ACREDITADA,False,False,2023,Ley 21.091,False,True
